IdLink,channel_name,active,LinkID,SrcDetectorId,SrcLatitude,SrcLongitude,DestDetectorId,DestLatitude,DestLongitude,LinkName,RouteDirectionName,SrcChannelId,DestChannelId,LineDistance_m,last_poll_time,LinkId,node_index
1,Saint-Michel-Industriel,1,LCh_10-16,10,"45,5760283333333","-73,6364616666667",16,"45,564785","-73,6449433333333",Charland:Saint-Michel a Papineau,O,11,17,1410,2019-07-02 18:44:59,LCh_10-16,14
3,Papineau-Henri-Bourassa,1,LHB_15-20,15,"45,5702683333333","-73,6588066666667",20,"45,555365","-73,6683933333333",Henri-Bourassa:Papineau a Lajeunesse,O,16,21,1818,2019-07-02 18:44:57,LHB_15-20,19
4,Henri-Bourassa-Lajeunesse,1,LHB_20-15,20,"45,555365","-73,6683933333333",15,"45,5702683333333","-73,6588066666667",Henri-Bourassa:Lajeunesse a Papineau,N,21,16,1818,2019-02-15 13:56:37,LHB_20-15,20
5,Henri-Bourassa-Lajeunesse,1,LHB_20-21,20,"45,555365","-73,6683933333333",21,"45,5349866666667","-73,6807116666667",Henri_Bourassa:Lajeunesse a Bourassa-Acadie,O,21,22,2460,2019-02-15 13:56:37,LHB_20-21,21
6,Henri-Bourassa-Acadie,1,LHB_21-20,21,"45,5349866666667","-73,6807116666667",20,"45,555365","-73,6683933333333",Henri_Bourassa:Acadie a Bourassa-Lajeunesse,E,22,21,2460,2019-07-02 18:45:02,LHB_21-20,22
9,Papineau-Henri-Bourassa,1,LPa_15-16,15,"45,5702683333333","-73,6588066666667",16,"45,564785","-73,6449433333333",Papineau:Henri-Bourassa a Charland,S,16,17,1240,2019-07-02 18:44:57,LPa_15-16,101
10,Papineau-charland,1,LPa_16-15,16,"45,564785","-73,6449433333333",15,"45,5702683333333","-73,6588066666667",Papineau: Charland a Henri-Bourassa,N,17,16,1240,2019-07-02 18:44:58,LPa_16-15,103
11,Papineau-charland,1,LPa_16-17,16,"45,564785","-73,6449433333333",17,"45,5564283333333","-73,626345",Papineau:Charland a Barnabe-Larocque,S,17,18,1707,2019-07-02 18:44:58,LPa_16-17,104
12,Papineau-Barnabe-Larocque,1,LPa_17-16,17,"45,5564283333333","-73,626345",16,"45,564785","-73,6449433333333",Papineau:Barnabe-Larocque a Charland,N,18,17,1720,2019-07-02 18:45:00,LPa_17-16,106
13,Papineau-Jean-talon,1,LPa_18-17,18,"45,5479416666667","-73,6069",17,"45,5564283333333","-73,626345",Papineau:Jean-Talon a Barnabe-Larocque,N,19,18,1784,2019-07-02 18:45:02,LPa_18-17,108
14,Papineau-Jean-talon,1,LPa_18-19,18,"45,5479416666667","-73,6069",19,"45,5407733333333","-73,5914716666667",Papineau:Jean-Talon a Rosemont,S,19,20,1442,2019-07-02 18:45:02,LPa_18-19,109
15,Papineau-Rosemont,1,LPa_19-18,19,"45,5407733333333","-73,5914716666667",18,"45,5479416666667","-73,6069",Papineau:Rosemont a Jean-Talon,N,20,19,1442,2019-07-02 18:45:00,LPa_19-18,110
18,Sherbrooke-Pie-IX,1,LSh_01-02,1,"45,5538466666667","-73,55452",2,"45,5652283333333","-73,5544283333333",Sherbrooke_N01: Pie-IX a Viau,N,3,2,1265,2019-07-02 18:44:47,LSh_01-02,219
19,Sherbrooke-Pie-IX,1,LSh_01-03,1,"45,5538466666667","-73,55452",3,"45,5734033333333","-73,54895",Sherbrooke_N11: Pie-IX a Dickson,N,3,4,2258,2019-07-02 18:44:47,LSh_01-03,220
20,Sherbrooke-Viau,1,LSh_02-01,2,"45,5652283333333","-73,5544283333333",1,"45,5538466666667","-73,55452",Sherbrooke_S02: Viau a Pie-IX,S,2,3,1265,2019-07-02 18:45:00,LSh_02-01,222
21,Sherbrooke-Viau,1,LSh_02-03,2,"45,5652283333333","-73,5544283333333",3,"45,5734033333333","-73,54895",Sherbrooke_N02: Viau a Dickson,N,2,4,1004,2019-07-02 18:45:00,LSh_02-03,223
22,Sherbrooke-Viau,1,LSh_02-04,2,"45,5652283333333","-73,5544283333333",4,"45,5827283333333","-73,5425",Sherbrooke_N12: Viau a Langelier,N,2,5,2013,2019-07-02 18:45:00,LSh_02-04,224
23,Sherbrooke-Dickson,1,LSh_03-02,3,"45,5734033333333","-73,54895",2,"45,5652283333333","-73,5544283333333",Sherbrooke_S03: Dickson a Viau,S,4,2,1004,2019-06-18 16:41:39,LSh_03-02,226
24,Sherbrooke-Dickson,1,LSh_03-04,3,"45,5734033333333","-73,54895",4,"45,5827283333333","-73,5425",Sherbrooke_N03: Dickson a Langelier,N,4,5,1153,2019-06-18 16:41:39,LSh_03-04,227
25,Sherbrooke-Langelier,1,LSh_04-02,4,"45,5827283333333","-73,5425",2,"45,5652283333333","-73,5544283333333",Sherbrooke_S14:Langelier a Viau,S,5,2,2013,2019-07-02 18:45:02,LSh_04-02,228
26,Sherbrooke-Langelier,1,LSh_04-03,4,"45,5827283333333","-73,5425",3,"45,5734033333333","-73,54895",Sherbrooke_S04: Langelier a Dickson,S,5,4,1153,2019-07-02 18:45:02,LSh_04-03,229
33,Sherbrooke-SaintDonat,1,LSh_07-08,7,"45,6009783333333","-73,532395",8,"45,6112","-73,5267083333333",Sherbrooke_N07: Saint-Donat a Fletcher,N,8,9,1219,2019-07-02 18:44:58,LSh_07-08,234
35,Sherbrooke-Fletcher,1,LSh_08-07,8,"45,6112","-73,5267083333333",7,"45,6009783333333","-73,532395",Sherbrooke_S08: Fletcher a Saint-Donat,S,9,8,1219,2019-07-02 18:44:57,LSh_08-07,235
36,Papineau-Barnabe-Larocque,1,LPa_17-18,17,"45,5564283333333","-73,626345",18,"45,5479416666667","-73,6069",Papineau:Barnabe-Larocque a Jean-Talon,E,18,19,1784,2019-07-02 18:45:00,LPa_17-18,107
39,Saint-Michel-Industriel,1,LSM_10-11,10,"45,5760283333333","-73,6364616666667",11,"45,5639066666667","-73,6096133333333",Saint-Michel:Industriel a Jarry,S,11,12,2487,2019-07-02 18:44:59,LSM_10-11,204
40,Saint-Michel-Jarry,1,LSM_11-10,11,"45,5639066666667","-73,6096133333333",10,"45,5760283333333","-73,6364616666667",Saint-Michel:Jarry a Industriel,N,12,11,2487,2019-07-02 18:44:58,LSM_11-10,205
41,Saint-Michel-Jarry,1,LSM_11-12,11,"45,5639066666667","-73,6096133333333",12,"45,5588366666667","-73,5981883333333",Saint-Michel:Jarry a Jean-Talon,S,12,13,1053,2019-07-02 18:44:58,LSM_11-12,206
42,Saint-Michel-Jean-Talon,1,LSM_12-11,12,"45,5588366666667","-73,5981883333333",11,"45,5639066666667","-73,6096133333333",Saint-Michel:Jean-Talon a Jarry,N,13,12,1053,2019-07-02 18:45:00,LSM_12-11,207
43,Saint-Michel-Jean-Talon,1,LSM_12-13,12,"45,5588366666667","-73,5981883333333",13,"45,553235","-73,5804083333333",Saint-Michel:Jean-Talon a Rosemount,E,13,14,1518,2019-07-02 18:45:00,LSM_12-13,208
44,Saint-Michel-Rosemont,1,LSM_13-12,13,"45,553235","-73,5804083333333",12,"45,5588366666667","-73,5981883333333",Saint-Michel:Rosemount a Jean-Talon,W,14,13,1518,2019-07-02 18:45:00,LSM_13-12,209
45,Saint-Michel-Rosemont,1,LSM_13-14,13,"45,553235","-73,5804083333333",14,"45,5471383333333","-73,5596483333333",Saint-Michel:Rosemount a Rachel,N,14,15,1753,2019-07-02 18:45:00,LSM_13-14,210
46,Saint-Michel-Rachel,1,LSM_14-13,14,"45,5471383333333","-73,5596483333333",13,"45,553235","-73,5804083333333",Saint-Michel:Rachel a Rosemont,S,15,14,1753,2019-07-02 18:44:57,LSM_14-13,211
48,Sherbrooke-Dickson,1,LSh_03-01,3,"45,5734033333333","-73,54895",1,"45,5538466666667","-73,55452",Sherbrooke_S13: Dickson a Pie-IX,S,4,3,2217,2019-06-18 16:41:39,LSh_03-01,225
53,Sherbrooke-PlaceVersailles,1,LSh_05-07,5,"45,5907783333333","-73,538455",7,"45,6009783333333","-73,532395",Sherbrooke_N15: PlaceVersailles a SaintDonat,N,6,8,1229,2019-07-02 18:45:00,LSh_05-07,232
55,Sherbrooke-Langelier,1,LSh_04-05,4,"45,5827283333333","-73,5425",5,"45,5907783333333","-73,538455",Sherbrooke_N04: Langelier a Place Versaille,N,5,6,949,2019-07-02 18:45:02,LSh_04-05,230
58,Sherbrooke-PlaceVersailles,1,LSh_05-04,5,"45,5907783333333","-73,538455",4,"45,5827283333333","-73,5425",Sherbrooke_S05: Place Versaille a Langelier,S,6,5,949,2019-07-02 18:45:00,LSh_05-04,231
64,Sherbrooke-SaintDonat,1,LSh_07-05,7,"45,6009783333333","-73,532395",5,"45,5907783333333","-73,538455",Sherbrooke_S17: SaintDonat a PlaceVersailles,S,8,6,1229,2019-07-02 18:44:58,LSh_07-05,233
65,Futaille-Notre-Dame,1,LND_52-54,52,"45,5808883333333","-73,5119433333333",54,"45,58461","-73,508695",NotreDame E NB:Futaille-Boucherville,N,62,34,484,2019-07-02 18:45:00,LND_52-54,73
66,Futaille-Notre-Dame,1,LND_52-55,52,"45,5808883333333","-73,5119433333333",55,"45,58586","-73,5080833333333",NotreDame E NB:Futaille-Curatteau,E,62,33,629,2019-07-02 18:45:00,LND_52-55,74
67,Notre-Dame-Boucherville,1,LND_54-52,54,"45,58461","-73,508695",52,"45,5808883333333","-73,5119433333333",NotreDame E SB:Boucherville-Futaille,S,34,62,484,2019-07-02 18:45:00,LND_54-52,76
68,Notre-Dame-Boucherville,1,LND_54-55,54,"45,58461","-73,508695",55,"45,58586","-73,5080833333333",NotrEDame E N:Boucherville-Curatteau,N,34,33,147,2019-07-02 18:45:00,LND_54-55,77
69,Notre-Dame-Curatteau,1,LND_55-52,55,"45,58586","-73,5080833333333",52,"45,5808883333333","-73,5119433333333",Notr-Dame E SB:Curatteau-Futaille,O,33,62,629,2019-07-02 18:45:01,LND_55-52,79
70,Notre-Dame-Curatteau,1,LND_55-54,55,"45,58586","-73,5080833333333",54,"45,58461","-73,508695",Notr-Dame E:W:Curatteau-Boucherville,S,33,34,147,2019-07-02 18:45:01,LND_55-54,80
71,Notre-Dame-Boucherville,1,LND_54-49,54,"45,58461","-73,508695",49,"45,5891933333333","-73,5204433333333",Curatteau WB:NotreDameE-Tellier,W,34,61,1046,2019-07-02 18:45:00,LND_54-49,75
73,Notre-Dame-Boucherville,1,LND_54-57,54,"45,58461","-73,508695",57,"45,5829166666667","-73,5085583333333",NotreDame-Port SB:Boucherville-OCR_Port,S,34,36,148,2019-07-02 18:45:00,LND_54-57,78
74,Notre-Dame-OCR-Port-Montreal,1,LND_57-54,57,"45,5829166666667","-73,5085583333333",54,"45,58461","-73,508695",NotreDame-Port NB:OCR_Port-Boucherville,N,36,34,188,2019-07-02 18:45:01,LND_57-54,83
76,Curatteau-Tellier,1,LND_49-54,49,"45,5891933333333","-73,5204433333333",54,"45,58461","-73,508695",Boucherville SB: Tellier-Notre-Dame,S,61,34,1046,2019-07-02 18:44:59,LND_49-54,71
79,Saint-Denis-Sherbrooke,1,LSD_30-31,30,"45,517","-73,567445",31,"45,52625","-73,5878883333333",Saint-Denis: Sherbrooke a Saint-Joseph,N,43,44,1896,2019-07-02 18:44:57,LSD_30-31,174
80,Saint-Denis-Saint-Joseph,1,LSD_31-30,31,"45,52625","-73,5878883333333",30,"45,517","-73,567445",Saint-Denis: Saint-Joseph a Sherbrooke,S,44,43,1896,2019-07-02 18:44:57,LSD_31-30,177
81,René-Lévesque-Robert-Bourassa,1,LRL_63-26,63,"45,5019166666667","-73,56736",26,"45,50525","-73,5646933333333",Rene-Levesque: Robert-Bourassa a Bleury,E,68,37,425,2019-07-02 18:45:01,LRL_63-26,143
82,Rene-Levesque-Bleury,1,LRL_26-63,26,"45,50525","-73,5646933333333",63,"45,5019166666667","-73,56736",Rene-Levesque: Bleury a Robert-Bourassa,O,37,68,425,2019-07-02 18:44:58,LRL_26-63,133
83,Rene-Levesque-Bleury,1,LRL_26-29,26,"45,50525","-73,5646933333333",29,"45,5127216666667","-73,5582216666667",Rene-Levesque: Bleury a Saint-Denis,E,37,42,972,2019-07-02 18:44:58,LRL_26-29,132
84,Saint-Denis-Rene-Levesque,1,LRL_29-26,29,"45,5127216666667","-73,5582216666667",26,"45,50525","-73,5646933333333",Rene-Levesque: Saint-Denis a Bleury,O,42,37,972,2019-07-02 18:45:01,LRL_29-26,136
85,Saint-Denis-Rene-Levesque,1,LRL_29-37,29,"45,5127216666667","-73,5582216666667",37,"45,5214166666667","-73,549805",Réne-Lévesque: Saint-Denis a Papineau,E,42,49,1168,2019-07-02 18:45:01,LRL_29-37,137
86,Papineau-René-Lévesque,1,LRL_37-29,37,"45,5214166666667","-73,549805",29,"45,5127216666667","-73,5582216666667",Réne-Lévesque: Papineau a Saint-Denis,O,49,42,1168,2019-07-02 18:44:59,LRL_37-29,141
87,Sherbrooke-Parc-Bleury,1,LBl_24-26,24,"45,5083616666667","-73,5712783333333",26,"45,50525","-73,5646933333333",Bleury: Sherbrooke a Réné-Lévesque,S,38,37,619,2018-09-26 06:07:02,LBl_24-26,5
88,Sherbrooke-Parc-Bleury,1,LPr_24-27,24,"45,5083616666667","-73,5712783333333",27,"45,5190283333333","-73,5943883333333",Parc: Sherbrooke a Saint-Joseph,N,38,39,2156,2018-09-26 06:07:02,LPr_24-27,126
89,Parc-Saint-Joseph,1,LPr_27-24,27,"45,5190283333333","-73,5943883333333",24,"45,5083616666667","-73,5712783333333",Parc: Saint-Joseph a Sherbrooke,S,39,38,2156,2019-07-02 18:44:57,LPr_27-24,128
90,Parc-Saint-Joseph,1,LPr_27-28,27,"45,5190283333333","-73,5943883333333",28,"45,52575","-73,6101666666667",Parc: Saint-Joseph a Van Horne,N,39,40,1439,2019-07-02 18:44:57,LPr_27-28,129
91,Parc-Rosemont-Van Horne,1,LPr_28-27,28,"45,52575","-73,6101666666667",27,"45,5190283333333","-73,5943883333333",Parc: Van Horne a Saint-Joseph,S,40,39,1439,2019-07-02 18:44:59,LPr_28-27,131
92,Parc-Rosemont-Van Horne,1,LPr_28-25,28,"45,52575","-73,6101666666667",25,"45,5302216666667","-73,6223333333333",Parc: Van Horne a Jean-Talon,N,40,41,1070,2019-07-02 18:44:59,LPr_28-25,130
93,Parc-Jean-Talon,1,LPr_25-28,25,"45,5302216666667","-73,6223333333333",28,"45,52575","-73,6101666666667",Parc: Jean-Talon a Van Horne,S,41,40,1070,2019-07-02 18:45:02,LPr_25-28,127
94,Sherbrooke-Parc-Bleury,1,LSh_24-30,24,"45,5083616666667","-73,5712783333333",30,"45,517","-73,567445",Sherbrooke: Parc-Bleury a Saint-Denis,E,38,43,1006,2018-09-26 06:07:02,LSh_24-30,236
95,Saint-Denis-Sherbrooke,1,LSh_30-24,30,"45,517","-73,567445",24,"45,5083616666667","-73,5712783333333",Sherbrooke: Saint-Denis a Parc-Bleury,O,43,38,1006,2019-07-02 18:44:57,LSh_30-24,239
100,Lorimier-Sherbrooke,1,LSh_40-01,40,"45,53075","-73,563055",1,"45,5538466666667","-73,55452",Sherbrooke: Lorimier a Pie-IX,E,53,3,2653,2019-07-02 18:44:57,LSh_40-01,242
101,Sherbrooke-Pie-IX,1,LSh_01-40,1,"45,5538466666667","-73,55452",40,"45,53075","-73,563055",Sherbrook: Pie-IX a Lorimier,O,3,53,2653,2019-07-02 18:44:47,LSh_01-40,221
102,Sherbrooke-Pie-IX,1,LPi_01-48,1,"45,5538466666667","-73,55452",48,"45,5484716666667","-73,5355",Pie-IX: Sherbrooke a Saint-Catherine,S,3,60,1597,2019-07-02 18:44:47,LPi_01-48,114
103,Pie-IX-Ste-Catherine,1,LPi_48-01,48,"45,5484716666667","-73,5355",1,"45,5538466666667","-73,55452",Pie-IX: Saint-Catherine a Sherbrooke,N,60,3,1597,2019-07-02 18:44:57,LPi_48-01,123
104,Saint-Denis-Saint-Joseph,1,LSD_31-32,31,"45,52625","-73,5878883333333",32,"45,531055","-73,5984716666667",Saint-Denis: Saint-Joseph a Rosemont,N,44,45,982,2019-07-02 18:44:57,LSD_31-32,178
105,St-Denis-Rosemont-Van Horne,1,LSD_32-31,32,"45,531055","-73,5984716666667",31,"45,52625","-73,5878883333333",Saint-Denis: Rosemont a Saint-Joseph,S,45,44,982,2019-07-02 18:44:59,LSD_32-31,180
106,St-Denis-Rosemont-Van Horne,1,LSD_32-33,32,"45,531055","-73,5984716666667",33,"45,5382766666667","-73,6144433333333",Saint-Denis: Rosemont a Jean-Talon,N,45,46,1480,2019-07-02 18:44:59,LSD_32-33,181
107,St-Denis-Jean-Talon,1,LSD_33-32,33,"45,5382766666667","-73,6144433333333",32,"45,531055","-73,5984716666667",Saint-Denis: Jean-Talon a Rosemont,S,46,45,1480,2019-07-02 18:45:02,LSD_33-32,182
119,Parc-Saint-Joseph,1,LSJ_27-31,27,"45,5190283333333","-73,5943883333333",31,"45,52625","-73,5878883333333",Saint-Joseph: Parc a Saint-Denis,E,39,44,949,2019-07-02 18:44:57,LSJ_27-31,194
120,Saint-Denis-Saint-Joseph,1,LSJ_31-27,31,"45,52625","-73,5878883333333",27,"45,5190283333333","-73,5943883333333",Saint-Joseph: Saint-Denis a Parc,O,44,39,949,2019-07-02 18:44:57,LSJ_31-27,195
122,Saint-Denis-Saint-Joseph,1,LSJ_31-39,31,"45,52625","-73,5878883333333",39,"45,53525","-73,5795266666667",Saint-Joseph: Saint-Denis a Papineau,E,44,52,1194,2019-07-02 18:44:57,LSJ_31-39,196
123,Papineau-Saint-Joseph,1,LSJ_39-31,39,"45,53525","-73,5795266666667",31,"45,52625","-73,5878883333333",Saint-Joseph: Papineau a Saint-Denis,O,52,44,1194,2019-07-02 18:44:58,LSJ_39-31,197
124,Papineau-Saint-Joseph,1,LSJ_39-41,39,"45,53525","-73,5795266666667",41,"45,5374716666667","-73,5773883333333",Saint-Joseph: Papineau a Lorimier,E,52,54,298,2019-07-02 18:44:58,LSJ_39-41,198
126,Lorimier-Saint-Joseph,1,LSJ_41-39,41,"45,5374716666667","-73,5773883333333",39,"45,53525","-73,5795266666667",Saint-Joseph: Lorimier a Papineau,O,54,52,298,2019-07-02 18:45:01,LSJ_41-39,199
127,Parc-Jean-Talon,1,LJT_25-33,25,"45,5302216666667","-73,6223333333333",33,"45,5382766666667","-73,6144433333333",Jean Talon: Parc a Saint-Denis,E,41,46,1087,2019-07-02 18:45:02,LJT_25-33,28
128,St-Denis-Jean-Talon,1,LJT_33-25,33,"45,5382766666667","-73,6144433333333",25,"45,5302216666667","-73,6223333333333",Jean Talon: Saint-Denis a Parc,O,46,41,1087,2019-07-02 18:45:02,LJT_33-25,29
129,St-Denis-Jean-Talon,1,LJT_33-36,33,"45,5382766666667","-73,6144433333333",36,"45,5425","-73,6119716666667",Jean Talon: Saint-Denis a Christophe-Colomb,E,46,50,507,2019-07-02 18:45:02,LJT_33-36,30
130,Christophe-Colomb-Jean-Talon,1,LJT_36-33,36,"45,5425","-73,6119716666667",33,"45,5382766666667","-73,6144433333333",Jean Talon: Christophe-Colomb a Saint-Denis,O,50,46,507,2019-07-02 18:44:58,LJT_36-33,32
131,Christophe-Colomb-Jean-Talon,1,LJT_36-18,36,"45,5425","-73,6119716666667",18,"45,5479416666667","-73,6069",Jean Talon: Christophe-Colomb a Papineau,E,50,19,722,2019-07-02 18:44:58,LJT_36-18,31
132,Papineau-Jean-talon,1,LJT_18-36,18,"45,5479416666667","-73,6069",36,"45,5425","-73,6119716666667",Jean Talon: Papineau a Christophe-Colomb,O,19,50,722,2019-07-02 18:45:02,LJT_18-36,26
133,Papineau-Jean-talon,1,LJT_18-43,18,"45,5479416666667","-73,6069",43,"45,55025","-73,6049166666667",Jean Talon: Papineau a Lorimier,E,19,56,300,2019-07-02 18:45:02,LJT_18-43,27
135,Lorimier-Jean-Talon,1,LJT_43-18,43,"45,55025","-73,6049166666667",18,"45,5479416666667","-73,6069",Jean Talon: Lorimier a Papineau,O,56,19,300,2019-07-02 18:44:58,LJT_43-18,34
136,Lorimier-Jean-Talon,1,LJT_43-12,43,"45,55025","-73,6049166666667",12,"45,5588366666667","-73,5981883333333",Jean Talon: Lorimier a Saint-Michel,E,56,13,1089,2019-07-02 18:44:58,LJT_43-12,33
137,Saint-Michel-Jean-Talon,1,LJT_12-43,12,"45,5588366666667","-73,5981883333333",43,"45,55025","-73,6049166666667",Jean Talon: Saint-Michel a Lorimier,O,13,56,1089,2019-07-02 18:45:00,LJT_12-43,25
138,Parc-Rosemont-Van Horne,1,LVH_28-32,28,"45,52575","-73,6101666666667",32,"45,531055","-73,5984716666667",Van Horne: Parc a Saint-Denis,E,40,45,1086,2019-07-02 18:44:59,LVH_28-32,253
139,St-Denis-Rosemont-Van Horne,1,LVH_32-28,32,"45,531055","-73,5984716666667",28,"45,52575","-73,6101666666667",Van Horne: Saint-Denis a Parc,O,45,40,1086,2019-07-02 18:44:59,LVH_32-28,254
140,St-Denis-Rosemont-Van Horne,1,LRo_32-35,32,"45,531055","-73,5984716666667",35,"45,5349166666667","-73,5949716666667",Rosemont: Saint-Denis a Christophe-Colomb,E,45,48,508,2019-07-02 18:44:59,LRo_32-35,161
141,Christophe-Colomb-Rosemont,1,LRo_35-32,35,"45,5349166666667","-73,5949716666667",32,"45,531055","-73,5984716666667",Rosemont: Christophe-Colomb a Saint-Denis,O,48,45,508,2019-07-02 18:44:59,LRo_35-32,163
142,Christophe-Colomb-Rosemont,1,LRo_35-19,35,"45,5349166666667","-73,5949716666667",19,"45,5407733333333","-73,5914716666667",Rosemont: Christophe-Colomb a Papineau,E,48,20,705,2019-07-02 18:44:59,LRo_35-19,162
143,Papineau-Rosemont,1,LRo_19-35,19,"45,5407733333333","-73,5914716666667",35,"45,5349166666667","-73,5949716666667",Rosemont: Papineau a Christophe-Colomb,O,20,48,705,2019-07-02 18:45:00,LRo_19-35,159
144,Christophe-Colomb-Saint-Grégroire,1,LCC_34-35,34,"45,53261","-73,59025",35,"45,5349166666667","-73,5949716666667",Christophe-Colomb: Saint-Gregoire a Rosemont,N,47,48,448,2019-07-02 18:44:58,LCC_34-35,9
145,Christophe-Colomb-Rosemont,1,LCC_35-34,35,"45,5349166666667","-73,5949716666667",34,"45,53261","-73,59025",Christophe-Colomb: Rosemont a Saint-Gregoire,S,48,47,448,2019-07-02 18:44:59,LCC_35-34,10
146,Christophe-Colomb-Rosemont,1,LCC_35-36,35,"45,5349166666667","-73,5949716666667",36,"45,5425","-73,6119716666667",Christophe-Colomb: Rosemont a Jean Talon,N,48,50,1570,2019-07-02 18:44:59,LCC_35-36,11
147,Christophe-Colomb-Jean-Talon,1,LCC_36-35,36,"45,5425","-73,6119716666667",35,"45,5349166666667","-73,5949716666667",Christophe-Colomb: Jean Talon a Rosemont,S,50,48,1570,2019-07-02 18:44:58,LCC_36-35,12
152,Papineau-Saint-Joseph,1,LPa_39-19,39,"45,53525","-73,5795266666667",19,"45,5407733333333","-73,5914716666667",Papineau: Saint-Joseph a Rosemont,N,52,20,1114,2019-07-02 18:44:58,LPa_39-19,112
153,Papineau-Rosemont,1,LPa_19-39,19,"45,5407733333333","-73,5914716666667",39,"45,53525","-73,5795266666667",Papineau: Rosemont a Saint-Joseph,S,20,52,1114,2019-07-02 18:45:00,LPa_19-39,111
155,Lorimier-Sherbrooke,1,LLo_40-41,40,"45,53075","-73,563055",41,"45,5374716666667","-73,5773883333333",Lorimier: Sherbrooke a Saint-Joseph,N,53,54,1343,2019-07-02 18:44:57,LLo_40-41,36
156,Lorimier-Saint-Joseph,1,LLo_41-42,41,"45,5374716666667","-73,5773883333333",42,"45,543055","-73,5892766666667",Lorimier: Saint-Joseph a Rosemont,N,54,55,1115,2019-07-02 18:45:01,LLo_41-42,37
157,Lorimier-Rosemont,1,LLo_42-41,42,"45,543055","-73,5892766666667",41,"45,5374716666667","-73,5773883333333",Lorimier: Rosemont a Saint-Joseph,S,55,54,1115,2019-07-02 18:44:59,LLo_42-41,38
158,Lorimier-Rosemont,1,LLo_42-43,42,"45,543055","-73,5892766666667",43,"45,55025","-73,6049166666667",Lorimier: Rosemont a Jean-Talon,N,55,56,1457,2019-07-02 18:44:59,LLo_42-43,39
159,Lorimier-Jean-Talon,1,LLo_43-42,43,"45,55025","-73,6049166666667",42,"45,543055","-73,5892766666667",Lorimier: Jean-Talon a Rosemont,S,56,55,1457,2019-07-02 18:44:58,LLo_43-42,40
160,Pie-IX-Hérelle,1,LPi_46-45,46,"45,5726933333333","-73,6053333333333",45,"45,582805","-73,6282216666667",Pie-IX: Hérelle a 56e,N,59,58,2107,2019-02-28 14:16:46,LPi_46-45,119
162,Pie-IX-56e,1,LPi_45-46,45,"45,582805","-73,6282216666667",46,"45,5726933333333","-73,6053333333333",Pie-IX: 56e a Hérelle,S,58,59,2107,2018-09-26 06:07:00,LPi_45-46,118
172,Pie-IX-56e,1,LPi_45-44,45,"45,582805","-73,6282216666667",44,"45,595805","-73,6425",Pie-IX: 56e a Henri-Bourassa,N,58,57,1823,2018-09-26 06:07:00,LPi_45-44,117
173,Pie-IX-Henri-Bourassa,1,LPi_44-45,44,"45,595805","-73,6425",45,"45,582805","-73,6282216666667",Pie-IX: Henri-Bourassa a 56e,S,57,58,1823,2019-07-02 18:44:59,LPi_44-45,115
174,Notre-Dame-Curatteau,1,LND_55-56,55,"45,58586","-73,5080833333333",56,"45,5885","-73,5087766666667",Notre-Dame: Curatteau a Honoré-Beaugrand,E,33,71,299,2019-07-02 18:45:01,LND_55-56,81
177,Honoré-Beaugrand-Notre-Dame,1,LND_56-55,56,"45,5885","-73,5087766666667",55,"45,58586","-73,5080833333333",Notre-Dame: Honoré-Beaugrand a Curatteau,O,71,33,299,2019-07-02 18:44:34,LND_56-55,82
178,Sherbrooke-Pie-IX,1,LPi_01-47,1,"45,5538466666667","-73,55452",47,"45,5642216666667","-73,5847216666667",Pie-IX: Sherbrooke a Poste de Détection,N,3,70,2619,2019-07-02 18:44:47,LPi_01-47,113
179,Pie-IX-Poste de détection,1,LPi_47-01,47,"45,5642216666667","-73,5847216666667",1,"45,5538466666667","-73,55452",Pie-IX: Poste de Détection a Sherbrooke,S,70,3,2619,2019-03-05 14:01:14,LPi_47-01,121
180,Pie-IX-Poste de détection,1,LPi_47-46,47,"45,5642216666667","-73,5847216666667",46,"45,5726933333333","-73,6053333333333",Pie-IX: Poste de Détection a Hérelle,N,70,59,1860,2019-03-05 14:01:14,LPi_47-46,122
181,Pie-IX-Hérelle,1,LPi_46-47,46,"45,5726933333333","-73,6053333333333",47,"45,5642216666667","-73,5847216666667",Pie-IX: Hérelle a Poste de Détection,S,59,70,1860,2019-02-28 14:16:46,LPi_46-47,120
182,Saint-Denis-Sherbrooke,1,LSD_30-29,30,"45,517","-73,567445",29,"45,5127216666667","-73,5582216666667",Saint-Denis: Sherbrooke a Rene-Levesque,S,43,42,862,2019-07-02 18:44:57,LSD_30-29,173
183,Papineau-Rosemont,1,LRo_19-42,19,"45,5407733333333","-73,5914716666667",42,"45,543055","-73,5892766666667",Rosemont: Papineau a Lorimier,E,20,55,306,2019-07-02 18:45:00,LRo_19-42,160
184,Lorimier-Rosemont,1,LRo_42-19,42,"45,543055","-73,5892766666667",19,"45,5407733333333","-73,5914716666667",Rosemont: Lorimier a Papineau,O,55,20,306,2019-07-02 18:44:59,LRo_42-19,165
185,Lorimier-Rosemont,1,LRo_42-13,42,"45,543055","-73,5892766666667",13,"45,553235","-73,5804083333333",Rosemont: Lorimier a Saint-Michel,E,55,14,1326,2019-07-02 18:44:59,LRo_42-13,164
186,Saint-Michel-Rosemont,1,LRo_13-42,13,"45,553235","-73,5804083333333",42,"45,543055","-73,5892766666667",Rosemont: Saint-Michel a Lorimier,O,14,55,1326,2019-07-02 18:45:00,LRo_13-42,158
187,Ontario-St-Hubert **,1,LOn_90-86,90,"45,5178833333333","-73,5642666666667",86,"45,5170333333333","-73,5647166666667",Ontario: St-Hubert a Berri **,O,104,100,101,2019-07-02 18:45:00,LOn_90-86,93
188,Ontario-St-Denis**,1,LOn_89-91,89,"45,5159166666667","-73,5652333333333",91,"45,5147666666667","-73,5656166666667",Ontario: St-Denis a Sanguinet **,O,103,105,130,2019-07-02 18:45:00,LOn_89-91,92
189,Ontario-Berri **,1,LOn_86-89,86,"45,5170333333333","-73,5647166666667",89,"45,5159166666667","-73,5652333333333",Ontario: Berri a St-Denis **,O,100,103,130,2019-07-02 18:44:58,LOn_86-89,89
190,Ontario-Sanguinet **,1,LOn_91-75,91,"45,5147666666667","-73,5656166666667",75,"45,5112833333333","-73,5667833333333",Ontario: Sanguinet a St-Laurent **,O,105,89,398,2019-07-02 18:45:01,LOn_91-75,94
191,Ontario-St-Laurent **,1,LOn_75-74,75,"45,5112833333333","-73,5667833333333",74,"45,5099166666667","-73,56745",Ontario: St-Laurent a St-Urbain **,O,89,88,160,2019-07-02 18:44:59,LOn_75-74,87
192,Président-Kennedy-St-Urbain-Ontario **,1,LPK_74-70,74,"45,5099166666667","-73,56745",70,"45,5083833333333","-73,5687166666667",Président Kennedy: St-Urbain a Jeanne-Mance **,O,88,84,160,2019-07-02 18:44:41,LPK_74-70,100
193,Président-Kennedy-Jeanne-Mance **,0,LPK_70-68,70,"45,5083833333333","-73,5687166666667",68,"45,5074833333333","-73,5695",Président Kennedy: Jeanne-Mance a Bleury **,O,84,82,117,2019-02-20 20:28:40,LPK_70-68,98
194,Président-Kennedy-Bleury **,1,LPK_68-70,68,"45,5074833333333","-73,5695",70,"45,5083833333333","-73,5687166666667",Président-Kennedy: Bleury a Jeanne Mance **,E,82,84,116,2019-07-02 18:44:59,LPK_68-70,97
195,Président-Kennedy-Jeanne-Mance **,0,LPK_70-74,70,"45,5083833333333","-73,5687166666667",74,"45,5099166666667","-73,56745",Président-Kennedy: Jeanne-Mance a St-Urbain **,E,84,88,198,2019-02-20 20:28:40,LPK_70-74,99
196,Président-Kennedy-St-Urbain-Ontario **,1,LOn_74-75,74,"45,5099166666667","-73,56745",75,"45,5112833333333","-73,5667833333333",Ontario: St-Urbain a St-Laurent **,E,88,89,160,2019-07-02 18:44:41,LOn_74-75,86
197,Ontario-St-Laurent **,1,LOn_75-91,75,"45,5112833333333","-73,5667833333333",91,"45,5147666666667","-73,5656166666667",Ontario: St-Laurent a Sanguinet **,E,89,105,398,2019-07-02 18:44:59,LOn_75-91,88
198,Ontario-Sanguinet **,1,LOn_91-89,91,"45,5147666666667","-73,5656166666667",89,"45,5159166666667","-73,5652333333333",Ontario: Sanguinet a St-Denis **,E,105,103,131,2019-07-02 18:45:01,LOn_91-89,95
199,Ontario-St-Denis**,1,LOn_89-86,89,"45,5159166666667","-73,5652333333333",86,"45,5170333333333","-73,5647166666667",Ontario: St-Denis a Berri **,E,103,100,130,2019-07-02 18:45:00,LOn_89-86,91
200,Ontario-Berri **,1,LOn_86-90,86,"45,5170333333333","-73,5647166666667",90,"45,5178833333333","-73,5642666666667",Ontario: Berri a St-Hubert **,E,100,104,101,2019-07-02 18:44:58,LOn_86-90,90
201,Maisonneuve-Berri **,1,LMa_85-87,85,"45,5153166666667","-73,5610833333333",87,"45,5144166666667","-73,5619",Maisonneuve: Berri a St-Denis **,O,99,101,119,2019-07-02 18:44:42,LMa_85-87,41
202,Maisonneuve-St-Denis **,1,LMa_87-88,87,"45,5144166666667","-73,5619",88,"45,51345","-73,56275",Maisonneuve: St-Denis a Sanguinet **,O,101,102,127,2019-07-02 18:45:01,LMa_87-88,42
203,Maisonneuve-Sanguinet **,1,LMa_88-73,88,"45,51345","-73,56275",73,"45,5106","-73,5653166666667",Maisonneuve: Sanguinet a St-Laurent **,O,102,87,375,2019-07-02 18:44:57,LMa_88-73,43
214,Ste-Catherine-St-Denis **,1,LSC_92-93,92,"45,51375","-73,5604333333333",93,"45,5154333333333","-73,5588833333333",Ste-Catherine: St-Denis a St-Hubert **,E,106,107,222,2018-07-19 14:35:55,LSC_92-93,171
215,Ste-Catherine-Sanguinet **,1,LSC_94-92,94,"45,5127833333333","-73,56125",92,"45,51375","-73,5604333333333",Ste-Catherine: Sanguinet a St-Denis **,E,108,106,125,2019-07-02 18:45:00,LSC_94-92,172
216,Ste-Catherine-St-Laurent **,1,LSC_76-94,76,"45,5098666666667","-73,5638",94,"45,5127833333333","-73,56125",Ste-Catherine: St-Laurent a Sanguinet **,E,90,108,380,2019-07-02 18:44:59,LSC_76-94,169
217,Ste-Catherine-St-Urbain **,1,LSC_77-76,77,"45,5086833333333","-73,5648166666667",76,"45,5098666666667","-73,5638",Ste-Catherine: St-Urbain a St-Laurent **,E,91,90,154,2019-07-02 18:45:00,LSC_77-76,170
218,Ste-Catherine-Jeanne-Mance **,0,LSC_71-77,71,"45,50715","-73,5661666666667",77,"45,5086833333333","-73,5648166666667",Ste-Catherine: Jeanne-Mance a St-Urbain **,E,85,91,200,2019-02-25 19:00:53,LSC_71-77,168
219,Ste-Catherine-Bleury **,1,LSC_69-71,69,"45,5063","-73,5669333333333",71,"45,50715","-73,5661666666667",Ste-Catherine: Bleury a Jeanne-Mance **,E,83,85,112,2019-07-02 18:45:02,LSC_69-71,167
220,Aylmer-Ste-Catherine **,1,LSC_66-69,66,"45,5042833333333","-73,5687333333333",69,"45,5063","-73,5669333333333",St-Catherine: Aylmer a Bleury **,E,79,83,265,2019-07-02 18:45:01,LSC_66-69,166
221,René-Lévesque-St-Hubert **,1,LSH_81-93,81,"45,5144","-73,55665",93,"45,5154333333333","-73,5588833333333",St-Hubert: René-Lévesque a Ste-Catherine **,N,95,107,208,2019-07-02 18:44:59,LSH_81-93,188
222,Ste-Catherine-St-Hubert **,1,LSH_93-81,93,"45,5154333333333","-73,5588833333333",81,"45,5144","-73,55665",St-Hubert: Ste-Catherine a René-Lévesque **,S,107,95,208,2019-07-02 18:45:02,LSH_93-81,191
223,Ste-Catherine-St-Hubert **,1,LSH_93-90,93,"45,5154333333333","-73,5588833333333",90,"45,5178833333333","-73,5642666666667",Ste-Hubert: St-Catherine a Ontario **,N,107,104,501,2019-07-02 18:45:02,LSH_93-90,192
224,Ontario-St-Hubert **,1,LSH_90-93,90,"45,5178833333333","-73,5642666666667",93,"45,5154333333333","-73,5588833333333",St-Hubert: Ontario a St-Catherine **,S,104,107,501,2019-07-02 18:45:00,LSH_90-93,189
225,Maisonneuve-Berri **,1,LBe_85-86,85,"45,5153166666667","-73,5610833333333",86,"45,5170333333333","-73,5647166666667",Berri: Maisonneuve a Ontario **,N,99,100,341,2019-07-02 18:44:42,LBe_85-86,3
226,Ontario-Berri **,1,LBe_86-85,86,"45,5170333333333","-73,5647166666667",85,"45,5153166666667","-73,5610833333333",Berri: Ontario a Maisonneuve **,S,100,99,341,2019-07-02 18:44:58,LBe_86-85,4
227,Maisonneuve-Sanguinet **,1,LSa_88-94,88,"45,51345","-73,56275",94,"45,5127833333333","-73,56125",Sanguinet: Maisonneuve a Ste-Catherine **,S,102,108,139,2019-07-02 18:44:57,LSa_88-94,216
228,Ste-Catherine-Sanguinet **,1,LSa_94-84,94,"45,5127833333333","-73,56125",84,"45,5117333333333","-73,5590666666667",Sanguinet: Ste-Catherine a René-Levesque **,S,108,98,206,2019-07-02 18:45:00,LSa_94-84,218
229,Maisonneuve-Sanguinet **,1,LSa_88-91,88,"45,51345","-73,56275",91,"45,5147666666667","-73,5656166666667",Sanguinet: Maisonneuve a Ontario **,N,102,105,267,2019-07-02 18:44:57,LSa_88-91,215
230,Ontario-Sanguinet **,1,LSa_91-95,91,"45,5147666666667","-73,5656166666667",95,"45,5158333333333","-73,5679666666667",Sanguinet: Ontario a Sherbrooke **,N,105,109,218,2019-07-02 18:45:01,LSa_91-95,217
231,René-Lévesque-St-Laurent **,1,LSL_82-76,82,"45,50885","-73,5615666666667",76,"45,5098666666667","-73,5638",St-Laurent: René-Lévesque a Ste-Catherine **,N,96,90,208,2019-07-02 18:44:57,LSL_82-76,203
232,Ste-Catherine-St-Laurent **,1,LSL_76-73,76,"45,5098666666667","-73,5638",73,"45,5106","-73,5653166666667",St-Laurent: Ste-Catherine a Maisonneuve **,N,90,87,144,2019-07-02 18:44:59,LSL_76-73,202
233,Maisonneuve-St-Laurent **,1,LSL_73-75,73,"45,5106","-73,5653166666667",75,"45,5112833333333","-73,5667833333333",St-Laurent: Maisonneuve a Ontario **,N,87,89,137,2019-07-02 18:45:01,LSL_73-75,200
234,Ontario-St-Laurent **,1,LSL_75-78,75,"45,5112833333333","-73,5667833333333",78,"45,5125166666667","-73,5694333333333",St-Laurent: Ontario a Sherbrooke **,N,89,92,248,2019-07-02 18:44:59,LSL_75-78,201
235,Sherbrooke-St-Urbain **,1,LSU_79-74,79,"45,5110833333333","-73,57005",74,"45,5099166666667","-73,56745",St-Urbain: Sherbrooke a Président-Kennedy **,S,93,88,240,2019-07-02 18:45:01,LSU_79-74,214
236,Président-Kennedy-St-Urbain-Ontario **,1,LSU_74-77,74,"45,5099166666667","-73,56745",77,"45,5086833333333","-73,5648166666667",St-Urbain: Président-Kennedy a Ste-Catherine **,S,88,91,247,2019-07-02 18:44:41,LSU_74-77,212
237,Ste-Catherine-St-Urbain **,1,LSU_77-83,77,"45,5086833333333","-73,5648166666667",83,"45,5077166666667","-73,5625833333333",St-Urbain: St-Catherine a René-Lévesque **,S,91,97,205,2019-07-02 18:45:00,LSU_77-83,213
238,Beaver Hall-René-Lévesque **,1,LBH_80-66,80,"45,5030333333333","-73,5663833333333",66,"45,5042833333333","-73,5687333333333",Beaver Hall: René-Lévesque a Ste-Catherine **,N,94,79,230,2019-07-02 18:44:40,LBH_80-66,2
239,Aylmer-Ste-Catherine **,1,LAy_66-65,66,"45,5042833333333","-73,5687333333333",65,"45,5052166666667","-73,5706333333333",Aylmer:Ste-Catherine a Maisonneuve **,N,79,80,181,2019-07-02 18:45:01,LAy_66-65,1
240,Aylmer-Maisonneuve **,1,LAy_65-67,65,"45,5052166666667","-73,5706333333333",67,"45,5061333333333","-73,5726333333333",Aylmer: Maisonneuve a Sherbrooke **,N,80,81,186,2019-07-02 18:44:59,LAy_65-67,0
241,Ste-Catherine-Jeanne-Mance **,0,LJM_71-70,71,"45,50715","-73,5661666666667",70,"45,5083833333333","-73,5687166666667",Jeanne-Mance: Ste-Catherine a Président-Kennedy **,N,85,84,241,2019-02-25 19:00:53,LJM_71-70,24
242,Président-Kennedy-Jeanne-Mance **,0,LJM_70-72,70,"45,5083833333333","-73,5687166666667",72,"45,5093333333333","-73,5708166666667",Jeanne-Mance: Président-Kennedy a Sherbrooke **,N,84,86,195,2019-02-20 20:28:40,LJM_70-72,23
243,Pie-IX-Henri-Bourassa,1,LPi_44-46,44,"45,595805","-73,6425",46,"45,5726933333333","-73,6053333333333",Pie-IX: Henri-Bourassa a Hérelle,S,57,59,3870,2019-07-02 18:44:59,LPi_44-46,116
245,Papineau-Henri-Bourassa,1,LPa_15-17,15,"45,5702683333333","-73,6588066666667",17,"45,5564283333333","-73,626345",Papineau: Henri-Bourassa a Barnabe-Larocque,S,16,18,2937,2019-07-02 18:44:57,LPa_15-17,102
246,Saint-Michel-Industriel,1,LCP_10-17,10,"45,5760283333333","-73,6364616666667",17,"45,5564283333333","-73,626345",Charland/Papineau: Saint-Michel a Barnabe-Larocque,S,11,18,2230,2019-07-02 18:44:59,LCP_10-17,13
247,Saint-Denis-Roy,1,LSD_50-31,50,"45,5193333333333","-73,5725833333333",31,"45,52625","-73,5878883333333",Saint-Denis: Roy a Saint-Joseph,N,110,44,1419,2019-07-02 18:44:57,LSD_50-31,184
248,Saint-Denis-Saint-Joseph,1,LSD_31-50,31,"45,52625","-73,5878883333333",50,"45,5193333333333","-73,5725833333333",Saint-Denis: Saint-Joseph a Roy,S,44,110,1419,2019-07-02 18:44:57,LSD_31-50,179
249,Saint-Denis-Sherbrooke,1,LSD_30-50,30,"45,517","-73,567445",50,"45,5193333333333","-73,5725833333333",Saint-Denis: Sherbrooke a Roy,N,43,110,476,2019-07-02 18:44:57,LSD_30-50,175
250,Saint-Denis-Roy,1,LSD_50-30,50,"45,5193333333333","-73,5725833333333",30,"45,517","-73,567445",Saint-Denis: Roy a Sherbrooke,S,110,43,476,2019-07-02 18:44:57,LSD_50-30,183
266,Saint-Denis-Sherbrooke,1,LSD_30-89,30,"45,517","-73,567445",89,"45,5159166666667","-73,5652333333333",Saint-Denis: Sherbrooke a Ontario **,S,43,103,211,2019-07-02 18:44:57,LSD_30-89,176
267,Ontario-St-Denis**,1,LSD_89-87,89,"45,5159166666667","-73,5652333333333",87,"45,5144166666667","-73,5619",Saint-Denis: Ontario a Maisonneuve **,S,103,101,308,2019-07-02 18:45:00,LSD_89-87,186
268,Maisonneuve-St-Denis **,1,LSD_87-92,87,"45,5144166666667","-73,5619",92,"45,51375","-73,5604333333333",St-Denis: Maisonneuve a Ste-Catherine **,S,101,106,137,2019-07-02 18:45:01,LSD_87-92,185
269,Ste-Catherine-St-Denis **,1,LSD_92-29,92,"45,51375","-73,5604333333333",29,"45,5127216666667","-73,5582216666667",St-Denis: Ste-Catherine a Rene-Levesque **,S,106,42,201,2018-07-19 14:35:55,LSD_92-29,187
270,Ontario-St-Hubert **,1,LSH_90-96,90,"45,5178833333333","-73,5642666666667",96,"45,51896","-73,56655",St-Hubert: Ontario a Sherbrooke **,N,104,117,214,2019-07-02 18:45:00,LSH_90-96,190
271,St-Hubert-Sherbrooke **,1,LSH_96-90,96,"45,51896","-73,56655",90,"45,5178833333333","-73,5642666666667",St-Hubert: Sherbrooke a Ontario **,S,117,104,214,2019-07-02 18:44:57,LSH_96-90,193
272,Saint-Denis-Sherbrooke,1,LSh_30-96,30,"45,517","-73,567445",96,"45,51896","-73,56655",Sherbrooke: Saint-Denis a St-Hubert **,E,43,117,229,2019-07-02 18:44:57,LSh_30-96,241
273,St-Hubert-Sherbrooke **,1,LSh_96-30,96,"45,51896","-73,56655",30,"45,517","-73,567445",Sherbrooke: St-Hubert a Saint-Denis **,O,117,43,229,2019-07-02 18:44:57,LSh_96-30,252
274,Sherbrooke-Parc-Bleury,1,LBl_24-68,24,"45,5083616666667","-73,5712783333333",68,"45,5074833333333","-73,5695",Bleury: Sherbrooke a Président-Kennedy **,S,38,82,170,2018-09-26 06:07:02,LBl_24-68,6
275,Président-Kennedy-Bleury **,1,LBl_68-69,68,"45,5074833333333","-73,5695",69,"45,5063","-73,5669333333333",Bleury: Président-Kennedy a Ste-Catherine **,S,82,83,239,2019-07-02 18:44:59,LBl_68-69,7
276,Ste-Catherine-Bleury **,1,LBl_69-26,69,"45,5063","-73,5669333333333",26,"45,50525","-73,5646933333333",Bleury: St-Catherine a Rene-Levesque **,S,83,37,204,2019-07-02 18:45:02,LBl_69-26,8
277,Sherbrooke-Parc-Bleury,1,LSh_24-67,24,"45,5083616666667","-73,5712783333333",67,"45,5061333333333","-73,5726333333333",Sherbrooke: Bleury a Aylmer **,O,38,81,269,2018-09-26 06:07:02,LSh_24-67,237
278,Aylmer-Sherbrooke **,1,LSh_67-24,67,"45,5061333333333","-73,5726333333333",24,"45,5083616666667","-73,5712783333333",Sherbrooke: Aylmer a Bleury **,E,81,38,269,2019-07-02 18:45:00,LSh_67-24,243
279,Saint-Denis-Sherbrooke,1,LSh_30-95,30,"45,517","-73,567445",95,"45,5158333333333","-73,5679666666667",Sherbrooke: Saint-Denis a Sanguinet,O,43,109,136,2019-07-02 18:44:57,LSh_30-95,240
280,Sherbrooke-Sanguinet **,1,LSh_95-78,95,"45,5158333333333","-73,5679666666667",78,"45,5125166666667","-73,5694333333333",Sherbrooke: Sanguinet a St-Laurent,O,109,92,385,2019-07-02 18:44:56,LSh_95-78,251
281,Sherbrooke-St-Laurent **,1,LSh_78-79,78,"45,5125166666667","-73,5694333333333",79,"45,5110833333333","-73,57005",Sherbrooke: St-Laurent a St-Urbain,O,92,93,167,2019-07-02 18:44:13,LSh_78-79,246
282,Sherbrooke-St-Urbain **,1,LSh_79-72,79,"45,5110833333333","-73,57005",72,"45,5093333333333","-73,5708166666667",Sherbrooke: St-Urbain a Jeanne-Mance,O,93,86,204,2019-07-02 18:45:01,LSh_79-72,248
283,Sherbrooke-Jeanne-Mance **,1,LSh_72-24,72,"45,5093333333333","-73,5708166666667",24,"45,5083616666667","-73,5712783333333",Sherbrooke: Jeanne-Mance a Bleury,O,86,38,114,2019-07-02 18:44:59,LSh_72-24,244
284,Sherbrooke-Parc-Bleury,1,LSh_24-72,24,"45,5083616666667","-73,5712783333333",72,"45,5093333333333","-73,5708166666667",Sherbrooke: Bleury a Jeanne-Mance,E,38,86,114,2018-09-26 06:07:02,LSh_24-72,238
285,Sherbrooke-Jeanne-Mance **,1,LSh_72-79,72,"45,5093333333333","-73,5708166666667",79,"45,5110833333333","-73,57005",Sherbrooke: Jeanne-Mance a St-Urbain,E,86,93,204,2019-07-02 18:44:59,LSh_72-79,245
286,Sherbrooke-St-Urbain **,1,LSh_79-78,79,"45,5110833333333","-73,57005",78,"45,5125166666667","-73,5694333333333",Sherbrooke: St-Urbain a St-Laurent,E,93,92,167,2019-07-02 18:45:01,LSh_79-78,249
287,Sherbrooke-St-Laurent **,1,LSh_78-95,78,"45,5125166666667","-73,5694333333333",95,"45,5158333333333","-73,5679666666667",Sherbrooke: St-Laurent a Sanguinet,E,92,109,385,2019-07-02 18:44:13,LSh_78-95,247
288,Sherbrooke-Sanguinet **,1,LSh_95-30,95,"45,5158333333333","-73,5679666666667",30,"45,517","-73,567445",Sherbrooke: Sanguinet a Saint-Denis,E,109,43,136,2019-07-02 18:44:56,LSh_95-30,250
289,Saint-Denis-Rene-Levesque,1,LRL_29-84,29,"45,5127216666667","-73,5582216666667",84,"45,5117333333333","-73,5590666666667",René-Lévesque: Saint-Denis a Sanguinet,O,42,98,128,2019-07-02 18:45:01,LRL_29-84,139
290,René-Lévesque-Sanguinet **,1,LRL_84-82,84,"45,5117333333333","-73,5590666666667",82,"45,50885","-73,5615666666667",René-Lévesque: Sanguinet a St-Laurent,O,98,96,375,2019-07-02 18:44:56,LRL_84-82,156
292,René-Lévesque-St-Laurent **,1,LRL_82-83,82,"45,50885","-73,5615666666667",83,"45,5077166666667","-73,5625833333333",René-Lévesque: St-Laurent a St-Urbain,O,96,97,148,2019-07-02 18:44:57,LRL_82-83,151
293,René-Lévesque-St-Urbain **,1,LRL_83-26,83,"45,5077166666667","-73,5625833333333",26,"45,50525","-73,5646933333333",René-Lévesque: St-Urbain a Bleury,O,97,37,320,2019-07-02 18:44:56,LRL_83-26,153
294,Rene-Levesque-Bleury,1,LRL_26-83,26,"45,50525","-73,5646933333333",83,"45,5077166666667","-73,5625833333333",René-Lévesque: Bleury a St-Urbain,E,37,97,320,2019-07-02 18:44:58,LRL_26-83,135
295,René-Lévesque-St-Urbain **,1,LRL_83-82,83,"45,5077166666667","-73,5625833333333",82,"45,50885","-73,5615666666667",René-Lévesque: St-Urbain a St-Laurent,E,97,96,148,2019-07-02 18:44:56,LRL_83-82,154
296,René-Lévesque-St-Laurent **,1,LRL_82-84,82,"45,50885","-73,5615666666667",84,"45,5117333333333","-73,5590666666667",René-Lévesque: St-Laurent a Sanguinet,E,96,98,375,2019-07-02 18:44:57,LRL_82-84,152
297,René-Lévesque-Sanguinet **,1,LRL_84-29,84,"45,5117333333333","-73,5590666666667",29,"45,5127216666667","-73,5582216666667",René-Lévesque: Sanguinet a Saint-Denis,E,98,42,128,2019-07-02 18:44:56,LRL_84-29,155
298,Rene-Levesque-Bleury,1,LRL_26-80,26,"45,50525","-73,5646933333333",80,"45,5030333333333","-73,5663833333333",René-Lévesque: Bleury a Beaver Hall,O,37,94,280,2019-07-02 18:44:58,LRL_26-80,134
299,Beaver Hall-René-Lévesque **,1,LRL_80-63,80,"45,5030333333333","-73,5663833333333",63,"45,5019166666667","-73,56736",René-Lévesque: Beaver Hall a Robert-Bourassa,O,94,68,145,2019-07-02 18:44:40,LRL_80-63,146
300,René-Lévesque-Robert-Bourassa,1,LRL_63-80,63,"45,5019166666667","-73,56736",80,"45,5030333333333","-73,5663833333333",René-Lévesque: Robert-Bourassa a Beaver Hall,E,68,94,145,2019-07-02 18:45:01,LRL_63-80,144
301,Beaver Hall-René-Lévesque **,1,LRL_80-26,80,"45,5030333333333","-73,5663833333333",26,"45,50525","-73,5646933333333",René-Lévesque: Beaver Hall a Bleury,E,94,37,280,2019-07-02 18:44:40,LRL_80-26,145
302,Papineau-René-Lévesque,1,LRL_37-81,37,"45,5214166666667","-73,549805",81,"45,5144","-73,55665",René-Lévesque: Papineau a St-Hubert,O,49,95,945,2019-07-02 18:44:59,LRL_37-81,142
303,René-Lévesque-St-Hubert **,1,LRL_81-29,81,"45,5144","-73,55665",29,"45,5127216666667","-73,5582216666667",René-Lévesque: St-Hubert a Saint-Denis,O,95,42,223,2019-07-02 18:44:59,LRL_81-29,148
304,Saint-Denis-Rene-Levesque,1,LRL_29-81,29,"45,5127216666667","-73,5582216666667",81,"45,5144","-73,55665",René-Lévesque: Saint-Denis a St-Hubert,E,42,95,223,2019-07-02 18:45:01,LRL_29-81,138
305,René-Lévesque-St-Hubert **,1,LRL_81-37,81,"45,5144","-73,55665",37,"45,5214166666667","-73,549805",René-Lévesque: St-Hubert a Papineau,E,95,49,945,2019-07-02 18:44:59,LRL_81-37,149
306,Pie-IX-56e,1,LPI_45-10,45,"45,582805","-73,6282216666667",10,"45,5760283333333","-73,6364616666667",Pie-IX/Industriel: 56e a Saint-Michel,O,58,11,989,2018-09-26 06:07:00,LPI_45-10,96
310,Papineau-Barnabe-Larocque,1,LPa_17-15,17,"45,5564283333333","-73,626345",15,"45,5702683333333","-73,6588066666667",Papineau: Barnabe-Larocque a Henri-Bourassa,N,18,16,2937,2019-07-02 18:45:00,LPa_17-15,105
311,Beaver Hall-René-Lévesque **,1,LRL_80-81,80,"45,5030333333333","-73,5663833333333",81,"45,5144","-73,55665",René-Lévesque: Beaver Hall à St-Hubert,E,94,95,1474,2019-07-02 18:44:40,LRL_80-81,147
312,René-Lévesque-St-Hubert **,1,LRL_81-80,81,"45,5144","-73,55665",80,"45,5030333333333","-73,5663833333333",René-Lévesque: St-Hubert à Beaver Hall,O,95,94,1474,2019-07-02 18:44:59,LRL_81-80,150
313,Pie-IX-Ste-Catherine,1,LPi_48-47,48,"45,5484716666667","-73,5355",47,"45,5642216666667","-73,5847216666667",Pie-IX: Ste-Catherine a Poste detection,N,60,70,4213,2019-07-02 18:44:57,LPi_48-47,125
314,Papineau-René-Lévesque,1,LRL_37-1B,37,"45,5214166666667","-73,549805",1B,"45,52294","-73,54624",René-Lévesque : Papineau à Notre-Dame,E,49,123,325,2019-07-02 18:44:59,LRL_37-1B,140
316,Lorimier-Notre-Dame-Viger,1,LLo_1B-40,1B,"45,52294","-73,54624",40,"45,53075","-73,563055",Lorimier : Notre-Dame à Sherbrooke,N,123,53,1580,2019-07-02 18:45:00,LLo_1B-40,35
317,Lorimier-Notre-Dame-Viger,1,LND_1B-98,1B,"45,52294","-73,54624",98,"45,52613","-73,54534",Notre-Dame : Lorimier à Fullum,E,123,120,362,2019-07-02 18:45:00,LND_1B-98,46
318,Fullum-Notre-Dame,1,LND_98-1B,98,"45,52613","-73,54534",1B,"45,52294","-73,54624",Notre-Dame : Fullum à Lorimier,O,120,123,362,2019-07-02 18:44:58,LND_98-1B,85
319,Fullum-Notre-Dame,1,LND_98-1A,98,"45,52613","-73,54534",1A,"45,52914","-73,54433",Notre-Dame : Fullum à Frontenac-Iberville,E,120,122,344,2019-07-02 18:44:58,LND_98-1A,84
320,Frontenac-Iberville-Notre-Dame,1,LND_1A-98,1A,"45,52914","-73,54433",98,"45,52613","-73,54534",Notre-Dame : Frontenac-Iberville à Fullum,O,122,120,344,2019-07-02 18:44:59,LND_1A-98,45
321,Bourbonière-Notre-Dame,1,LND_1C-48,1C,"45,5454","-73,53491",48,"45,5484716666667","-73,5355",Notre-Dame : Bourbonière à Ste-Catherine,N,135,60,459,2019-07-02 18:44:59,LND_1C-48,49
322,Pie-IX-Ste-Catherine,1,LPi_48-1C,48,"45,5484716666667","-73,5355",1C,"45,5454","-73,53491",Pie-IX : Ste-Catherine à Bourboniere,S,60,135,450,2019-07-02 18:44:57,LPi_48-1C,124
323,Frontenac-Iberville-Notre-Dame,1,LND_1A-1M,1A,"45,52914","-73,54433",1M,"45,53643","-73,54156",Notre-Dame : Frontenac-Iberville à Alphonse-de-Roy,E,122,134,844,2019-07-02 18:44:59,LND_1A-1M,44
324,"Notre-Dame-Alphonse-D,-Roy",1,LND_1M-1A,1M,"45,53643","-73,54156",1A,"45,52914","-73,54433",Notre-Dame : Alphonse-de-Roy à Frontenac-Iberville,O,134,122,849,2019-07-02 18:45:02,LND_1M-1A,68
325,"Notre-Dame-Alphonse-D,-Roy",1,LND_1M-1D,1M,"45,53643","-73,54156",1D,"45,54057","-73,53809",Notre-Dame : Alphonse-de-Roy à Davidson,E,134,130,534,2019-07-02 18:45:02,LND_1M-1D,70
326,Davidson-Notre-Dame,1,LND_1D-1M,1D,"45,54057","-73,53809",1M,"45,53643","-73,54156",Notre-Dame : Davidson à Alphonse-de-Roy,O,130,134,534,2019-07-02 18:44:59,LND_1D-1M,51
327,Davidson-Notre-Dame,1,LND_1D-1C,1D,"45,54057","-73,53809",1C,"45,5454","-73,53491",Notre-Dame : Davidson à Bourbonière,E,130,135,591,2019-07-02 18:44:59,LND_1D-1C,50
328,Bourbonière-Notre-Dame,1,LND_1C-1D,1C,"45,5454","-73,53491",1D,"45,54057","-73,53809",Notre-Dame : Bourbonière à Davidson,O,135,130,591,2019-07-02 18:44:59,LND_1C-1D,47
329,Bourbonière-Notre-Dame,1,LND_1C-1E,1C,"45,5454","-73,53491",1E,"45,55003","-73,53208",Notre-Dame : Bourbonière à Letourneux,E,135,125,560,2019-07-02 18:44:59,LND_1C-1E,48
330,Notre-Dame-Letourneux,1,LND_1E-1C,1E,"45,55003","-73,53208",1C,"45,5454","-73,53491",Notre-Dame : Letourneux à Bourbonière,O,125,135,560,2019-07-02 18:44:53,LND_1E-1C,53
331,Notre-Dame-Letourneux,1,LND_1E-1G,1E,"45,55003","-73,53208",1G,"45,554","-73,52961",Notre-Dame : Letourneux à Sicard,E,125,126,482,2019-07-02 18:44:53,LND_1E-1G,54
332,Notre-Dame-Sicard,1,LND_1G-1E,1G,"45,554","-73,52961",1E,"45,55003","-73,53208",Notre-Dame : Sicard à Letourneux,O,126,125,482,2019-07-02 18:44:57,LND_1G-1E,58
333,Notre-Dame-Sicard,1,LND_1G-1F,1G,"45,554","-73,52961",1F,"45,5587","-73,5267",Notre-Dame : Sicard à Ste-Catherine,E,126,127,570,2019-07-02 18:44:57,LND_1G-1F,59
334,Notre-Dame-Ste-Catherine,1,LND_1F-1G,1F,"45,5587","-73,5267",1G,"45,554","-73,52961",Notre-Dame : Ste-Catherine à Sicard,O,127,126,570,2019-07-02 18:44:58,LND_1F-1G,56
335,Notre-Dame-Ste-Catherine,1,LND_1F-1I,1F,"45,5587","-73,5267",1I,"45,56499","-73,52362",Notre-Dame : Ste-Catherine à Dickson,E,127,129,739,2019-07-02 18:44:58,LND_1F-1I,57
336,Notre-Dame-Dickson,1,LND_1I-1F,1I,"45,56499","-73,52362",1F,"45,5587","-73,5267",Notre-Dame : Dickson à Ste-Catherine,O,129,127,739,2019-07-02 18:44:58,LND_1I-1F,62
337,Notre-Dame-Dickson,1,LND_1I-1H,1I,"45,56499","-73,52362",1H,"45,56795","-73,52253",Notre-Dame : Dickson à Bossuet,E,129,128,340,2019-07-02 18:44:58,LND_1I-1H,63
338,Notre-Dame-Bossuet,1,LND_1H-1I,1H,"45,56795","-73,52253",1I,"45,56499","-73,52362",Notre-Dame : Bossuet à Dickson,O,128,129,340,2019-07-02 18:44:57,LND_1H-1I,60
339,Notre-Dame-Bossuet,1,LND_1H-1K,1H,"45,56795","-73,52253",1K,"45,57261","-73,51924",Notre-Dame : Bossuet à 6363,E,128,132,577,2019-07-02 18:44:57,LND_1H-1K,61
340,6363 Notre-Dame,1,LND_1K-1H,1K,"45,57261","-73,51924",1H,"45,56795","-73,52253",Notre-Dame : 6363 à Bossuet,O,132,128,578,2019-07-02 18:45:00,LND_1K-1H,66
341,6363 Notre-Dame,1,LND_1K-1J,1K,"45,57261","-73,51924",1J,"45,5791","-73,51356",Notre-Dame : 6363 à Beauclerk,E,132,131,850,2019-07-02 18:45:00,LND_1K-1J,67
342,Notre-Dame-Beauclerk,1,LND_1J-1K,1J,"45,5791","-73,51356",1K,"45,57261","-73,51924",Notre-Dame : Beauclerk à 6363,O,131,132,846,2019-07-02 18:44:59,LND_1J-1K,64
343,Notre-Dame-Beauclerk,1,LND_1J-52,1J,"45,5791","-73,51356",52,"45,5808883333333","-73,5119433333333",Notre-Dame : Beauclerk à Futailles,E,131,62,236,2019-07-02 18:44:59,LND_1J-52,65
344,Futaille-Notre-Dame,1,LND_52-1J,52,"45,5808883333333","-73,5119433333333",1J,"45,5791","-73,51356",Notre-Dame : Futaille à Beauclerk,O,62,131,236,2019-07-02 18:45:00,LND_52-1J,72
348,Notre-Dame-Dickson,1,LDi_1I-1L,1I,"45,56499","-73,52362",1L,"45,56727","-73,5306",Dickson : Notre-Dame à Ontario,N,129,133,600,2019-07-02 18:44:58,LDi_1I-1L,15
349,Ontario-Dickson,1,LDi_1L-1I,1L,"45,56727","-73,5306",1I,"45,56499","-73,52362",Dickson : Ontario à Notre-Dame,S,133,129,600,2019-07-02 18:44:58,LDi_1L-1I,16
350,Ontario-Dickson,1,LDi_1L-99,1L,"45,56727","-73,5306",99,"45,56989","-73,53814",Dickson : Ontario à Hochelaga,N,133,121,645,2019-07-02 18:44:58,LDi_1L-99,17
351,Hochelaga-Dickson,1,LDi_99-1L,99,"45,56989","-73,53814",1L,"45,56727","-73,5306",Dickson : Hochelaga à Ontario,S,121,133,655,2019-07-02 18:45:00,LDi_99-1L,18
366,Fullum-Notre-Dame,1,LRL_98-37,98,"45,52613","-73,54534",37,"45,5214166666667","-73,549805",René-Lévesque : Fullum à Papineau,O,120,49,629,2019-07-02 18:44:58,LRL_98-37,157
367,Notre-Dame-Letourneux,1,LND_1E-1M,1E,"45,55003","-73,53208",1M,"45,53643","-73,54156","Notre-Dame : Letourneux à Alphonse-D,-Roy",O,125,134,1683,2019-07-02 18:44:53,LND_1E-1M,55
368,"Notre-Dame-Alphonse-D,-Roy",1,LND_1M-1B,1M,"45,53643","-73,54156",1B,"45,52294","-73,54624","Notre-Dame : Alphonse-D,-Roy à Lorimier",O,134,123,1544,2019-07-02 18:45:02,LND_1M-1B,69
369,Notre-Dame-Letourneux,1,LND_1E-1B,1E,"45,55003","-73,53208",1B,"45,52294","-73,54624",Notre-Dame : Letourneux à Lorimier,O,125,123,3232,2019-07-02 18:44:53,LND_1E-1B,52
